name,website
Abana Bozkurt Seyahat,abana-bozkurt-seyahat.html
Adıyaman Ünal,adiyaman-anka-turizm.html
Adıyaman Ünal,adiyaman-unal.html
Ağrı Doğuş,agri-dogus.html
Ağrı Kösedağı Turizm,agri-kosedagi-turizm.html
Ak Turizm,ak-turizm.html
Akçay Travel,akcay-travel.html
Akhisar Seyahat,akhisar-seyahat.html
Aksaray Birlik,aksaray-birlik.html
Aksu Turizm,aksu-turizm.html
Alanyalılar Turizm,alanyalilar-turizm.html
Ali Osman Ulusoy,ali-osman-ulusoy.html
Altınışık Seyahat,altinisik-seyahat.html
Altınova Seyahat,altinova-seyahat.html
Anadolu Ulaşım,anadolu-ulasim.html
Antalya Toros,antalya-toros-turizm.html
Aras Turizm,aras-turizm.html
Arena Treval,arena-travel.html
Artvin Ses,artvin-ses.html
As 74,as-74-turizm.html
As Adana,as-adana.html
As Ağrı Tur,as-agri-tur.html
As Bafra,as-bafra.html
,as-turizm.html
Asya Tur,asya-tur.html
Asil Tanrıverdi,asil-tanriverdi-turizm.html
Asyalines,asyalines.html
Ats Turizm,ats-turizm.html
Aybastı İtimat,aybasti-itimat.html
,aydin-turizm.html
Ayvacık Birlik,ayvacik-birlik.html
Bafra Expres,bafra-express.html
Bafra Seyahat,bafra-seyahat.html
Balıkesir Uludağ,balikesir-uludag-turizm.html
Balıkesir Vip Turizm,balikesir-vip-turizm.html
Batı Antalya Tur,bati-antalya.html
Batman Yıldızlar,batman-yildizlar.html
Bayburt Uçar Turizm,bayburt-ucar-turizm.html
Bayramiç Birlik,bayramic-birlik-seyahat.html
Ben Turizm,ben-turizm.html
Best Van Turizm,best-van-turizm.html
Biga Birlik,biga-birlik.html
Biga Kale,biga-kale-turizm.html
Bitlis Taç Turizm,bitlis-tac-turizm.html
Bizim Iğdır,bizim-igdir-turizm.html
Boyabat Seyahat,boyabat-seyahat.html
Boyabat Tur,boyabat-tur.html
Bozuyük Tur,bozuyuk-tur.html
Bursa Turizm,bursa-turizm.html
Buzlu Turizm,buzlu-turizm.html
Can Ardahan,can-ardahan.html
Can Dersim Tunceliler,can-dersim-tuncelililer.html
Can Diyarbakır,can-diyarbakir.html
Cesur Bingöl,cesur-bingol.html
Cide Aslan Turizm,cide-aslan-seyahat.html
Cide Tekiner Turizm,cide-tekiner-turizm.html
Cideliler Turizm,cideliler-turizm.html
Cizre Nuh İtimat,cizre-nuh-itimat.html
Csr Seyahat,csr-seyahat.html
Çağdaş Güven,cagdas-guven-turizm.html
Çameli Koop,cameli-koop.html
Truva Turizm,canakkale-truva-turizm.html
Çankırı Özlem,cankiri-ozlem.html
Çayırağası,cayiragasi.html
Çaykara Tur,caykara-tur.html
Çorum Kargı,corum-kargi-turizm.html
Çukurova Ekspresi,cukurova-ekspresi.html
Dadaş Turizm,dadas-turizm.html
Dağıstanlı Turizm,dagistanli-turizm.html
Datça Koop,datca-koop.html
Demirci Halıkent,demirci-halikent.html
Dersim Vip Tunceliler,dersim-vip-tuncelililer.html
Derya Tur,derya-tur.html
Didim Seyahat,didim-seyahat.html
Dinar Turizm,dinar-turizm.html
Divriği Nazar,divrigi-nazar.html
Diyar Harput,diyar-harput-turizm.html
Diyarbakır Barış Turizm,diyarbakir-baris-turizm.html
Köksallar,koksallar.html
Doğu Karadeniz Ekspres,dogu-karadeniz-ekspres.html
Doğu Kars,dogu-kars.html
Doğuş Iğdır,dogus-igdir-turizm.html
Doğuş Turizm,dogus-turizm.html
Düzce Güven,duzce-guven.html
Ece Tur Seyahat,ece-tur-seyahat.html
Ece Tur Seyahat,ede-turizm.html
Edirne Çağlar Turizm,edirne-caglar-turizm.html
Efe Tur,efe-tur.html
Ege Seyahat,ege-seyahat.html
Elazığ Murat Turizm,elazig-murat-turizm.html
Elbirlik,elbirlik.html
Eray Turizm,eray-turizm.html
Erbaa Seyahat,erbaa-seyahat.html
Erektaş Turizm,erektas.html
Erzincan Başak Turizm,erzincan-basak-turizm.html
Es Turizm,es-turizm.html
Esadaş,esadas.html
Eşme Seyahat,esme-seyahat.html
Ezine Birlik,ezine-birlik.html
Fatih Turizm,fatih-turizm.html
Fatsa Birlik,fatsa-birlik.html
Fethiye Seyahat,fethiye-seyahat.html
Fındıkkale Turizm,findikkale-turizm.html
Fındıklı Toros,findikli-toros.html
Gebze Koop,gebze-koop.html
Genç Turizm,genc-turizm.html
Gerze Güven Keklik,gerze-guven-keklik.html
Geyikli Seyahat,geyikli-seyahat.html
Golden Turizm,golden-turizm.html
Gölpazarı Koop,golpazari-koop.html
Göltür Gölhisar Çavdır Seyahat,goltur-golhisar-cavdir-seyahat.html
Gördes Seyahat,gordes-seyahat.html
Görele Seyahat,gorele-seyahat.html
Gülaras,gularas.html
Gülen Turizm,gulen-turizm.html
Güney Akdeniz,guney-akdeniz-seyahat.html
Güney Lüks Adana,guney-luks-adana.html
Güneydoğu Seyahat,guneydogu-seyahat.html
Günsas Turizm,gunsas-turizm.html
Gürkan Turizm,gurkan-turizm.html
Gürsoylar Turizm,gursoylar-turizm.html
Güven Akşehir Seyahat,guven-aksehir.html
Has Bingöl,has-bingol.html
Has Diyarbakır,has-diyarbakir.html
Has Muş Tur,has-mus-turizm.html
Has Turizm,has-turizm.html
Haşemi Turizm,hasemi-turizm.html
Hatay Güney Tur,hatay-guney-tur.html
Hatay Nur Seyahat,hatay-nur-seyahat.html
Hatay Öztur Turizm,hatay-oztur-turizm.html
Hatay Sas Seyahat,hatay-sas-seyahat.html
Hatay Sen Turizm,hatay-sen-turizm.html
Hazar Turizm,hazar-turizm.html
Huntur,huntur.html
Iğdırlı Turizm,igdirli-turizm.html
Isparta Petrol Turizm,isparta-petrol-turizm.html
İnan Turizm,inan-turizm.html
İnebolu Aksakal Seyahat,inebolu-aksakal-seyahat.html
İnegöl Seyahat,inegol-seyahat.html
İsmail Ayaz,ismail-ayaz.html
İstanbul Kalesi,istanbul-kalesi.html
İstanbul Seyahat,istanbul-seyahat.html
İyi Gün Çarşamba Turizm,iyigun-carsamba-turizm.html
İzmir Turizm,izmir-turizm.html
İzmit Seyahat,izmit-seyahat.html
Jet Turizm,jet-turizm.html
Kahta Petrol,kahta-petrol.html
Kale Birlik,kale-birlik.html
Kale Seyahat,kale-seyahat.html
Kamil Koç,kamil-koc.html
Kanberoğlu Turizm,kanberoglu-turizm.html
Kaptanoğlu Seyahat,kaptanoglu-seyahat.html
Karaca Ardahan,karaca-ardahan-turizm.html
Karacaerler Ardahan,karacaerler-turizm.html
Karadeveci Turizm,karadeveci-turizm.html
Kars Kalesi,kars-kalesi.html
Kastamonu Güven,kastamonu-guven.html
Kastamonu Özlem,kastamonu-ozlem-seyahat.html
Kayısı Kent Turizm,kayisi-kent-turizm.html
Kent Turizm,kent-turizm.html
Keşan Birlik,kesan-birlik.html
Kiğı Karakocan Turizm,kigi-karakocan-turizm.html
Kilis Tura Turizm,tura-turizm.html
Kontur Turizm,kontur.html
Köseoğlu Turizm,koseoglu-turizm.html
Kula Birlik,kula-birlik.html
Kütahya Astur,kutahya-astur.html
Kütahya Lider Turizm,kutahya-lider.html
Kütahyalılar,kutahyalilar.html
Leydi Turizm,leydi-turizm.html
Lider Doğu Anadolu Turizm,lider-dogu-anadolu-turizm.html
Lider Anadolu Turizm,lider-anadolu.html
Lider Elbistan,lider-elbistan.html
Lider Muş Tur,lider-mus-tur.html
Lider Siirt Seyahat,lider-siirt-seyahat.html
Lüks Afşinliler,luks-afsinlilar.html
Lüks Aksel Seyahat,luks-aksel-seyahat.html
Lüks Amasya İtimat,luks-amasya-itimat.html
Lüks Artvin Seyahat,luks-artvin.html
Lüks Bartın,luks-bartin.html
Lüks Batman,luks-batman.html
Lüks Bayburt Seyahat,luks-bayburt-seyahat.html
Konya Lüks Ereğli,luks-eregli.html
Lüks Erova,luks-erova.html
Lüks Erzincan Seyahat,luks-erzincan-seyahat.html
Lüks Gümüşhane,luks-gumushane.html
Lüks Kahramanmaraş,luks-kahramanmaras-turizm.html
Lüks Karadeniz,luks-karadeniz.html
Lüks Karaman,luks-karaman-seyahat.html
Lüks Mersin,luks-mersin.html
Yalova Seyahat,yalova-seyahat.html
Yonca Seyahat,yonca-seyahat.html
Lüks Perla,lux-perla.html
Malatya Beydağı Turizm,beydagi-turizm.html
Malatya Kernek Turizm,malatya-kernek-turizm.html
Malatya Medine Turizm,malatya-medine-turizm.html
Malatya Zafer Turizm,malatya-zafer-turizm.html
Malkara Keşan Turizm,malkara-kesan-turizm.html
Manisa Seyahat,manisa-seyahat.html
Mardin Dilmenler,mardin-dilmenler.html
Marina Turizm,marina-turizm.html
Marmaris Koop,marmaris-koop.html
Marses Turizm,marses-turizm.html
Martur Turizm,martur.html
Mek Ağrı Dağı,mek-agri-dagi-turizm.html
Mersin Nur Turizm,mersin-nur-turizm.html
Mersin Seyahat,mersin-seyahat.html
Mersin Travel,mersin-travel.html
Mersin Vif Turizm,mersin-vif-turizm.html
Mersin Villa Seyahat,mersin-villa.html
Metatur,metatur.html
Metro Turizm,metro-turizm.html
Midyat Seyyidoğlu Turizm,midyat-seyyidoglu.html
Mis Amasya Tur,mis-amasya-tur.html
Muş Murat Turizm,mus-murat-turizm.html
Muş Yolu Turizm,mus-yolu-turizm.html
Narlıca Seyahat,narlica-seyahat.html
Net Turizm,net-turizm.html
Nevşehir Seyahat,nevsehir-seyahat.html
Aydoğanlar Turizm,nigde-aydoganlar-turizm.html
Niksar Canlar Turizm,niksar-canlar.html
Niksarkale Turizm,niksarkale-turizm.html
Nilüfer Turizm,nilufer-turizm.html
Nişikli Turizm,nisikli-turizm.html
Nur Ardahan Posof,nur-ardahan-posof.html
10 Tur,10-tur.html
Ordu Birlik,ordu-birlik.html
Ortaca Koop,ortaca-koop.html
Ortakent Seyahat,ortakent-seyahat.html
Osmaniye Vip Nur Tur,osmaniye-vip-nur-tur.html
Öncü Seyahat,oncu-seyahat.html
Öz Adıyaman Turizm,oz-adiyaman-turizm.html
Öz Bilecik Seyahat,oz-bilecik-seyahat.html
Öz Bolu Turizm,oz-bolu.html
Öz Develi Seyahat,oz-develi-seyahat.html
Öz Diyarbakır,oz-diyarbakir.html
Öz Elazığlılar,oz-elaziglilar.html
Öz Elbistan,oz-elbistan.html
Öz Erciş Seyahat,oz-ercis-seyahat.html
Öz Erzincanlılar Turizm,oz-erzincanlilar.html
Öz Iparta Turizm,oz-isparta-turizm.html
Öz Nuhoğlu Karadeniz,oz-nuhoglu-karadeniz.html
Öz Nuhoğlu Seyahat,oz-nuhoglu-seyahat.html
Öz Sivas Huzur Turizm,oz-sivas-huzur-turizm.html
Öz Sivas,oz-sivas.html
Öz Trakyalılar,oz-trakyalilar.html
Öz Vezirköprü Turizm,oz-vezirkopru-turizm.html
Özberkay Turizm,ozberkay-turizm.html
Özel Diyarbakır,ozel-diyarbakir.html
Özemniyet,ozemniyet-turizm.html
Özen Turizm,ozen-turizm.html
Özgül Bafra,ozgul-bafra.html
Özkaymak,ozkaymak.html
Özlem Adana,ozlem-adana.html
Özlem Ardahan,ozlem-ardahan.html
Özlem Batman,ozlem-batman.html
Özlem Bingöl,ozlem-bingol.html
Özlem Cizre Nuh,ozlem-cizre-nuh.html
Özlem Diyarbakır,ozlem-diyarbakir.html
Palandöken Seyahat,palandoken-seyahat.html
Pamukkale Turizm,pamukkale.html
Patnos İtimat,patnos-itimat.html
Prenskale Seyahat,prenskale-seyahat.html
Reşadiye Ses,resadiye-ses.html
RH Turizm | Rahmi Hamurcu,rh-rahmi-hamurcu-turizm.html
Rize Ses Seyahat,rize-ses.html
Safa Turizm,safa-turizm.html
Safran Turizm,safran-turizm.html
Sahilgülü Turizm,sahil-gulu-turizm.html
Sahil Seyahat,sahil-seyahat.html
Sakarya Vib Turizm,sakarya-vib-turizm.html
Salihli Güven,salihli-guven.html
Sarıkız Turizm,sarikiz-turizm.html
Seç Turizm,sec-turizm.html
Sel Kaya Turizm,sel-kaya-turizm.html
Selçuk Canlar Turizm,selcuk-canlar.html
Sema Turizm,sema-turizm.html
Serhat Ardahan Turizm,serhat-ardahan.html
Ses Turizm,ses-turizm.html
Sev Turizm,sev-turizm.html
Sıla Ardahan Kalesi,sila-ardahan-kalesi.html
Sıla Özlem Seyahat,sila-ozlem-seyahat.html
Siirt Baykan Jet,siirt-baykan-jet.html
Siirt Has Turizm,siirt-has-turizm.html
Siirt Kurtalan Ekspres,siirt-kurtalan-ekspres.html
Siirt Petrol Turizm,siirt-petrol-turizm.html
Silifke Koop,silifke-koop.html
Simav Beyce Birlik,simav-beyce-birlik.html
Sinop Sinay 57 Turizm,sinay-57.html
Sinop Birlik,sinop-birlik.html
Sivas Hedef Turizm,sivas-hedef-turizm.html
Soma Seyahat,soma-seyahat.html
Soma Seyahat,soner-turizm.html
Star Batman,star-batman.html
Star Diyarbakır,star-diyarbakir.html
Star Hakkari,star-hakkari.html
Star Mardin,star-mardin.html
Star Ok Turizm,star-ok-turizm.html
Star Turizm,star-turizm.html
STR Turizm,str-turizm.html
Süha Turizm,suha-turizm.html
Süzer Seyahat,suzer-seyahat.html
Süzer Turizm,suzer-turizm.html
Şampiyon Hersekli Turizm,sampiyon-hersekli-turizm.html
Şanal Kırşehir,sanal-kirsehir.html
Şanlıurfa Astor Seyahat,sanliurfa-astor-seyahat.html
Şanlıurfa Cesur Turizm,urfa-cesur.html
Şarköy Seyahat,sarkoy-seyahat.html
Şimşek Seyahat,simsek-seyahat.html
Tokat Almus Turizm,tokat-almus-turizm.html
Tokat İmparator Turizm,tokat-imparator.html
Tokat Kale Seyahat,tokat-kale-seyahat.html
Tokat Seyahat,tokat-seyahat.html
Tokat Yıldızı,tokat-yildizi.html
Topçam Turizm,topcam-turizm.html
Tosya Seyahat,tosya-seyahat.html
Tozcan Turizm,tozcan-turizm.html
Tufan Turizm,tufan-turizm.html
Tufanbeyli Anadolu Turizm,tufanbeyli-anadolu-turizm.html
Tunceli Çağdaş Birlik - Özlem Turizm,tunceli-cagdas-birlik-ozlem-turizm.html
Turay Turizm,turay-turizm.html
Turgutreis Turizm,turgutreis-turizm.html
Türkay Turizm,turkay-turizm.html
Ulusoy Derye,ulusoy-derya.html
Ulusoy Turizm,ulusoy-turizm.html
Urfa Hassoy Turizm,urfa-hassoy.html
Ünye Birlik,unye-birlik.html
Üstün Erçelik,ustun-ercelik.html
Vangölü Turizm,vangolu-turizm.html
Vanyolu Seyahat,vanyolu-seyahat.html
Varan Turizm,varan-turizm.html
Vezirköprü Dilek Seyahat,vezirkopru-dilek-seyahat.html
Vezirtur Beşer,vezirtur-beser.html
Villa Adana Turizm,villa-adana-turizm.html
Yeni Adana Seyahat,yeni-adana.html
Yeni Aksaray Seyahat,yeni-aksaray.html
Yeni As Bayburt,as-bayburt.html
Yeni Barış Turizm,yeni-baris-turizm.html
Yeni Can Birlik,can-birlik.html
Yeni Diyarbakır Seyahat,yeni-diyarbakir.html
Yeni Sivas Tur,yeni-sivas-tur.html
Yenice Etap,yenice-etap.html
Yeşil Artvin,yesil-artvin.html
Yeşil Muş Ovası,yesil-mus-ovasi.html
Yeşilova Tur,yesilova-tur.html
Yılmaz Turizm,yilmaz-turizm.html
Zile Barış Turizm,zile-baris-turizm.html
Zile Canlar Turizm,zile-canlar-turizm.html
